component_id,name,purpose,content_contract,variants,sizes,states,keyboard_behavior,accessible_name,focus_behavior,responsive_behavior,localization_behavior,data_dependencies,test_coverage,status,notes
cmp-motion-provider,MotionProvider,Provide shared Motion features and user-level reduced-motion configuration.,One React child tree.,default,all viewports,mounted; reduced-motion,No direct control.,Not applicable; provider is non-visual.,Does not receive focus.,No layout behavior.,No copy.,Browser motion preference.,Source inspection complete; rendered verification pending.,implemented; rendered verification pending,Uses LazyMotion and MotionConfig.
cmp-site-header,SiteHeader,"Orient visitors around the kingXford & Co mission and expose global routes, theme control, and command navigation.","Brand link; Mission, R&D / Lab, Work, Media, About, and Contact routes; ThemeControls; CommandPalette.",desktop navigation; native mobile disclosure,compact; intermediate; wide,top; scrolled; mobile menu closed; mobile menu open; focus-within,"Tab reaches brand, navigation, theme options, command trigger, and mobile disclosure in logical order; native summary toggles menu.",Primary navigation; mobile navigation; kingXford & Co home link and identity.,Visible focus inherited from global focus token; no focus trapping in navigation.,Desktop links become a native disclosure menu at compact widths; controls remain reachable.,Short English labels; structure permits text expansion without icon-only route labels.,Route inventory; CommandPalette; ThemeControls; KingxfordLogo; window scroll state; current route.,Source inspection after mission and Media integration complete; keyboard walkthrough pending.,implementation,"Mobile copy foregrounds intelligence, R&D, responsible AI, and sustainable abundance; route changes close the mobile disclosure."
cmp-site-footer,SiteFooter,"Close the narrative with the kingXford & Co mission, company-safe navigation, craft signature, and collaboration route.","Exact brand name; intelligence, R&D, responsible AI, and sustainable-abundance statement; Mission, R&D / Lab, Work, Media, About, and Contact routes; current year.",default,compact; wide,default; link hover; focus-visible,All links are native anchors or Next links in document order.,Footer navigation and kingXford & Co home identity are explicit.,Visible focus inherited from global focus token.,Columns stack on compact screens and expand at medium widths.,"Compact English copy; no personal profile, location, or private contact data.",Public route inventory and company-safe content only.,Source inspection after mission and privacy integration complete; link verification pending.,implementation,No personal GitHub profile or personal location is exposed; operational repository identity remains outside the rendered footer.
cmp-restrained-wordmark,KingxfordLogo,Render the restrained kingXford & Co primary wordmark and compact framed K monogram.,"Optional className, decorative flag, exact brand name, same-scale colour-emphasized X, monochrome option, compact K mark, and & Co suffix.",wordmark; compact K mark; monochrome; informative; decorative,fluid SVG and type lockup,default; monochrome; decorative; accessible,Not interactive.,Default label: kingXford & Co; decorative mode hides the mark and lockup.,Not focusable.,Scales with its containing block; the X stays on the same baseline and at the same optical size as surrounding letters; & Co remains subordinate.,Accessible label can be localized by caller.,No runtime data; SVG and typeset identity only.,"Source inspection complete; small-size, monochrome, dark/light, and rendered wordmark verification pending.",implemented; rendered verification pending,"The compact icon is a framed K with one restrained ultramarine terminal. Do not enlarge, raise, animate, or turn the X into an architectural emblem."
cmp-theme-controls,ThemeControls,"Let visitors explicitly select light, dark, or system color theme.",Optional className and label visibility.,icon-only; icon plus labels,compact control group,light selected; dark selected; system selected,Tab reaches each radio-like button; Space or Enter selects the focused choice.,Radiogroup named Color theme; every option has an explicit accessible label.,Each native button receives visible focus; selection is not communicated by color alone.,Remains compact; optional labels may appear in larger contexts.,"Labels can expand; stored values stay light, dark, system.",localStorage and prefers-color-scheme.,"Source inspection complete; theme persistence, contrast, and hydration verification pending.",implemented; rendered verification pending,Selection persists under kxco-theme.
cmp-command-palette,CommandPalette,Provide fast keyboard and pointer navigation to the kingXford & Co mission and major public routes.,"Trigger, search input, six destination records including Mission, R&D / Lab, Work, Media, About, and Contact; active result; empty state; close control.",visible trigger; hidden trigger,compact dialog; wide dialog,closed; open; querying; active option; no result; dismissed,Cmd/Ctrl+K toggles; ArrowUp/ArrowDown changes result; Enter navigates; Escape or close dismisses.,Trigger is Open site command menu; dialog title and search label are explicit; results expose listbox semantics.,Focus moves to search on open; native modal dialog contains focus; close returns through native dialog behavior.,Panel fits compact viewport and uses the same command data.,"Search covers mission, intelligence, R&D, responsible AI, sustainable abundance, complex problems, projects, Media, and company capabilities.",Next router and internal route list.,"Source inspection complete; mission and Media queries, keyboard sequence, and focus-return verification pending.",implemented; rendered verification pending,Do not mount more than one instance because element IDs are stable.
cmp-scroll-progress,ScrollProgress,Show non-essential reading progress without adding spoken noise.,Current document scroll position.,standard; reduced-motion direct,viewport width,0–100 percent,Not interactive and not focusable.,Hidden from assistive technology.,Never receives focus.,Fixed visual bar scales to viewport width.,No copy.,Document scroll position and motion preference.,Source inspection complete; performance and reduced-motion verification pending.,implemented; rendered verification pending,Must remain supplementary; no content or control depends on it.
cmp-loom-canvas,LoomCanvas,Create a decorative responsive kingXford & Co connection field behind the mission chapter.,CSS color variables and containing dimensions.,fine-pointer animated; coarse-pointer still; reduced-motion still; offscreen paused,fluid canvas,active; still; offscreen; hidden document,Not interactive; pointer movement only decorates.,Canvas must remain decorative and outside the accessibility tree through its parent treatment.,Never receives focus.,ResizeObserver resizes with the hero; DPR is capped at 1.75.,No copy.,"CSS custom properties; pointer, visibility, motion, and intersection media/state.","Source inspection complete; battery, contrast, and resize verification pending.",implemented; rendered verification pending,Animation pauses offscreen and when the document is hidden.
cmp-cinematic,KingxfordCinematic,"Lead with the kingXford & Co mission through a long native-scroll narrative about intelligence, R&D, responsible AI, aligned contribution, and sustainable abundance.","Six editorial chapters; authentic public-product captures and source-recorded prototype, planning, laboratory, studio, and architecture photographs; mission, R&D, delivery-world, and collaboration links.",motion; reduced-motion static,compact; intermediate; wide,mission; intelligence; R&D; responsible AI; & Co; abundant future; reduced-motion,All links are native anchors or Next links; scrolling remains native and interruptible.,Section labels the kingXford & Co mission; every meaningful reduced-motion image retains purpose-based alt text that distinguishes authentic product evidence from contextual documentary photography.,Child links receive the global visible focus style; decorative layers never receive focus.,The 760svh sequence becomes a stacked static composition when reduced motion is requested; proof cards and captions scale at compact widths.,English chapter copy must be reviewed if localized; content remains understandable without timed playback.,KingxfordLogo; LoomCanvas; Motion values; local authentic product-capture WebPs; local source-recorded documentary WebPs.,"Source inspection complete; active-image source audit, six-checkpoint scroll, responsive crops, documentary context, and reduced-motion rendered verification pending.",implemented; rendered verification pending,"All active plates are authentic public-product captures or licensed documentary sources. The & Co chapter represents aligned contributors without naming pictured documentary subjects as kingXford & Co people; no generated imagery, short looping video, audio, or scroll-jacking dependency."
cmp-reveal,Reveal,Progressively reveal server-rendered content without hiding it when JavaScript is unavailable.,"One child tree plus optional className, delay, distance, and viewport amount.",standard; reduced-motion,all viewports,before viewport; revealed; reduced-motion,No direct interaction.,Not applicable; wrapper does not change child semantics.,Does not alter child focus behavior.,Distance and threshold can be tuned by caller; content remains in normal flow.,No copy.,Intersection viewport and motion preference.,Source inspection complete; no-JavaScript and reduced-motion verification pending.,implemented; rendered verification pending,Initial content remains rendered because initial is false.
cmp-project-lens,ProjectLens,Search and filter the project archive while announcing result count.,"Categories, active category, query, result count, and change/reset callbacks.",all; category selected; query; combined,compact; wide,default; typing; selected; clearable; reset available,"Tab reaches search, clear, category buttons, and reset; native buttons use Space/Enter.",Search has a programmatic label; category group and count live region are named.,Every native control receives visible focus; pressed state is exposed with aria-pressed.,Search/count stack and category row can scroll or wrap at compact widths.,Category labels and placeholder require expansion testing.,WorkGrid state and ProjectCategory data.,"Source inspection complete; query, no-match, live-region, and mobile overflow verification pending.",implemented; rendered verification pending,Result count uses polite live announcement.
cmp-work-grid,WorkGrid,"Filter, sequence, and render the four published project cards.","Published project items only, plus optional featured-only flag, limit, lens visibility, and className. Unreleased archive records never enter this component's public data flow.",featured; archive; filtered; no-match,compact single column; multi-column wide,idle; filtering; filtered; empty,Keyboard behavior is delegated to ProjectLens and ProjectCard native controls.,List region communicates busy state and changes politely; empty-state recovery has clear text.,Child controls retain visible focus during filtering.,Cards reflow without changing reading order; layout animation is removed for reduced motion.,Search normalization is locale-aware; full localization requires translated project data.,The published-only projects export from src/data/projects.ts.,"Source inspection complete; filter combinations, archive-exclusion, no-match, and animation verification pending.",implemented; rendered verification pending,"The public collection contains Veridanth, Psyche Atlas, GrandMaster, and Value-M. CCAI Global, Aceplore, Nkosuo, and Elkings College remain archive-only and do not enter navigation, search, related work, metadata, sitemaps, or generated routes."
cmp-project-card,ProjectCard,"Provide a complete, scannable link to one case study.","Published project title, eyebrow, summary, year, categories, authentic cover, alt text, and slug; optional index, priority, and featured state.",published; featured,compact; intermediate; wide,default; hover; focus-visible; reduced-motion,The full card is one native link; Enter activates.,The case-study link identifies a published project; image alt text describes authentic product evidence or contextual documentary photography.,One focusable card link receives the global visible focus style.,Image sizes and layout adapt to featured and standard contexts.,Long project names and category expansion require stress testing.,One record from the published-only Project collection.,"Source inspection complete; archive-exclusion, broken-image, long-title, focus, and mobile tests pending.",implemented; rendered verification pending,"Only Veridanth, Psyche Atlas, GrandMaster, and Value-M reach this public component. Unreleased records remain outside the rendered data flow."
cmp-media-post-card,MediaPostCard,"Provide a complete, scannable link from the kingXford & Co Media index to one article.",Licensed documentary context cover and visible contextual caption; format; publication date; reading time; title; description; topics; article link.,standard; featured,compact; intermediate; wide,default; hover; focus-visible; image loading; broken image,The full card is one native link; Enter activates.,Link names the article; cover alt text describes the documentary subject; figcaption states that the image is licensed and contextual rather than kingXford & Co project evidence; topics are labelled.,One focusable card link receives the global visible focus style.,Featured media remains full-width and reflows without changing reading order.,"Dates, reading labels, topics, and article titles require expansion testing for future localization.",MediaPost records from src/data/media.ts and source-recorded documentary assets.,"Source inspection complete; rendered crop, contextual caption, broken-image, focus, and mobile tests pending.",implemented; rendered verification pending,"Sustainable Abundance uses the Jonathan Borba process photograph; the AI-era article uses the neutral GN Group prototype-documentary path. Neither is evidence of a kingXford & Co project, team, facility, or outcome."
cmp-media-article,MediaArticlePage,"Publish complete kingXford & Co long-form Media articles with institutional research notes, contextual documentary imagery, article-specific action plans where appropriate, and an optional narrated edition.",Article metadata and schema; source-recorded contextual cover and caption; table of contents; introduction; sections and principles; optional action plan; closing; institutional sources; optional AudioEdition; next-post navigation.,article without action plan; article with action plan; article with approved audio; not found,compact reading column; intermediate rail; wide article,default; section anchors; external source focus; audio absent; optional audio ready; optional audio failure; not found,All navigation and source links are native; the optional native audio element is keyboard operable only when an approved audio record exists.,"Article, on-this-page navigation, source list, and optional player have explicit labels; complete readable text remains available with or without audio.",Logical document focus order; global visible focus; no player or dead audio control renders when audio data is absent.,The rail collapses around the reading flow on compact screens; cover and optional plan stages reflow; line length remains bounded.,"Long headings, citation titles, dates, topics, and future transcript or chapter labels require expansion testing.",MediaPost records from src/data/media.ts; source-recorded documentary assets; optional audio record; creative/narration-policy.md.,"Source inspection complete; 23-route build, both article routes, anchors, source links, contextual captions, no-audio state, responsive reading, metadata, schema, and accessibility verification pending.",implemented; rendered verification pending,"Sustainable Abundance for All must preserve source years, units, ranges, projections, and caveats. Documentary covers remain contextual; no narration asset ships in this release."
cmp-project-brief-builder,ProjectBriefBuilder,Help a visitor structure a complex problem or ambitious project before institutional engagement.,"Seven browser-local fields: problem, affected people and institutions, evidence and unknowns, desired future, constraints, available investment, and time horizon; copy and plain-text download actions; privacy note.",empty; partially completed; completed; copied; downloaded; copy unavailable,compact single column; two-column medium and wide,idle; editing; copy success; copy failure; download success,Tab reaches each native field and action; Space or Enter activates buttons; native select supports keyboard selection.,"Section heading, labels, helper text, and action names are explicit; status is announced politely.",Every field and button receives a visible focus treatment; status changes do not move focus.,Fields use one column on compact screens and two columns from 760px; important rows span the full width.,Long prompts and option labels require expansion testing.,"Component-local React state, Clipboard API, Blob and object URL; no network or storage dependency.","Source inspection complete; keyboard, clipboard-failure, download, privacy, and mobile tests pending.",implemented; rendered verification pending,"The worksheet runs locally and must not submit, store, transmit, or log visitor content."
cmp-sustainable-abundance-evidence,SustainableAbundanceEvidence,Turn the Sustainable Abundance briefing's official evidence into accessible visual comparisons without inventing a composite total.,Foundational-capability metric dashboard; research-density bars; renewable-capacity stack; data-centre electricity comparison; evidence-register table; source links and interpretation notes; original Sustainable Abundance Design Loop.,dashboard; comparison charts; table; framework,compact; intermediate; wide,default; external source focus; compact table scroll; source unavailable,All source links are native anchors; the horizontally scrollable table wrapper can receive focus; figures are not interactive.,"Every visual has direct values, units, an aria label or semantic table, and a visible caption that states its interpretation boundary.",Source links receive visible focus; non-interactive charts do not receive focus; the compact table wrapper is focusable for keyboard scrolling.,Two-column metric and chart layouts collapse to one column; the table preserves semantic rows and scrolls horizontally without hiding data.,"English labels, source titles, units, and large values require expansion testing.",Official source URLs and fixed values in SustainableAbundanceEvidence; article source register in src/data/media.ts.,"Source inspection complete; value/source reconciliation, mobile table, keyboard, contrast, zoom, and production-link verification pending.",implemented; rendered verification pending,"Never add overlapping access-gap populations. Preserve uncertainty intervals, source years, units, definitions, and the distinction between observed estimates and scenarios. The original framework is not a validated causal model, universal index, or forecast."
